{
    "contacts": [
        {
            "name": "Srta. Isabelly Castro",
            "cellphone": "5541959365078"
        },
        {
            "name": "Ana Julia da Rocha",
            "cellphone": "5541923038062"
        },
        {
            "name": "Srta. Ana Júlia Ramos",
            "cellphone": "5541968425283"
        },
        {
            "name": "Isis Cunha",
            "cellphone": "5541990355873"
        },
        {
            "name": "Maria Luiza Nunes",
            "cellphone": "5541991004754"
        },
        {
            "name": "Maria Sophia Almeida",
            "cellphone": "5541945332923"
        },
        {
            "name": "Vinicius da Mota",
            "cellphone": "5541920886383"
        },
        {
            "name": "Srta. Ana Carolina Rocha",
            "cellphone": "5541926309141"
        },
        {
            "name": "Daniela Gomes",
            "cellphone": "5541974810709"
        },
        {
            "name": "Lavínia Jesus",
            "cellphone": "5541960205585"
        },
        {
            "name": "Srta. Valentina Alves",
            "cellphone": "5541988890081"
        },
        {
            "name": "Yuri Carvalho",
            "cellphone": "5541949602436"
        },
        {
            "name": "Sarah Mendes",
            "cellphone": "5541930624830"
        },
        {
            "name": "Sr. Marcos Vinicius Mendes",
            "cellphone": "5541900589188"
        },
        {
            "name": "André Teixeira",
            "cellphone": "5541967243918"
        },
        {
            "name": "Samuel Lopes",
            "cellphone": "5541959496891"
        },
        {
            "name": "Daniel Moreira",
            "cellphone": "5541970655330"
        },
        {
            "name": "Emanuelly Cardoso",
            "cellphone": "5541991813634"
        },
        {
            "name": "Davi Lucas Lopes",
            "cellphone": "5541939435678"
        },
        {
            "name": "Francisco Martins",
            "cellphone": "5541963119174"
        },
        {
            "name": "Maria Fogaça",
            "cellphone": "5541949026819"
        },
        {
            "name": "Maria Cecília Viana",
            "cellphone": "5541924860240"
        },
        {
            "name": "Juliana Costa",
            "cellphone": "5541996398868"
        },
        {
            "name": "Maria Eduarda da Paz",
            "cellphone": "5541936165261"
        },
        {
            "name": "Amanda Viana",
            "cellphone": "5541910315237"
        },
        {
            "name": "João Gabriel Melo",
            "cellphone": "5541913055986"
        },
        {
            "name": "Lucca Costela",
            "cellphone": "5541943670500"
        },
        {
            "name": "Maria Fernanda Almeida",
            "cellphone": "5541988430193"
        },
        {
            "name": "Luna Campos",
            "cellphone": "5541977964938"
        },
        {
            "name": "Stella Jesus",
            "cellphone": "5541948305911"
        },
        {
            "name": "Ana Beatriz Monteiro",
            "cellphone": "5541952033367"
        },
        {
            "name": "Joana Fernandes",
            "cellphone": "5541903927576"
        },
        {
            "name": "Manuela da Conceição",
            "cellphone": "5541928565082"
        },
        {
            "name": "Cauã da Cruz",
            "cellphone": "5541959933264"
        },
        {
            "name": "Srta. Yasmin Pires",
            "cellphone": "5541918382396"
        },
        {
            "name": "Srta. Ana Laura da Conceição",
            "cellphone": "5541929603658"
        },
        {
            "name": "Maysa Almeida",
            "cellphone": "5541972308432"
        },
        {
            "name": "Sra. Emanuelly Cardoso",
            "cellphone": "5541904321652"
        },
        {
            "name": "Maria Fernanda Almeida",
            "cellphone": "5541988173394"
        },
        {
            "name": "Luiz Gustavo Barros",
            "cellphone": "5541913670888"
        },
        {
            "name": "Marcela Gomes",
            "cellphone": "5541934928953"
        },
        {
            "name": "Maria Julia Cardoso",
            "cellphone": "5541920227660"
        },
        {
            "name": "Luiz Gustavo Silva",
            "cellphone": "5541984599886"
        },
        {
            "name": "Gabriela Pires",
            "cellphone": "5541937910313"
        },
        {
            "name": "Diego das Neves",
            "cellphone": "5541931724243"
        },
        {
            "name": "Felipe Lima",
            "cellphone": "5541998289321"
        },
        {
            "name": "Alana da Luz",
            "cellphone": "5541960592911"
        },
        {
            "name": "Enzo Gabriel Correia",
            "cellphone": "5541916151881"
        },
        {
            "name": "Ana Sophia Silva",
            "cellphone": "5541980983923"
        },
        {
            "name": "Natália Cardoso",
            "cellphone": "5541994336786"
        }
    ]
}