{
    "contacts": [
        {
            "name": "Marina Rodrigues",
            "cellphone": "5541996941919"
        },
        {
            "name": "Nicolas Rodrigues",
            "cellphone": "5541954122723"
        },
        {
            "name": "Davi Lucca Rocha",
            "cellphone": "5541979210400"
        },
        {
            "name": "Lucas Barros",
            "cellphone": "5541944061868"
        },
        {
            "name": "Lucca Lima",
            "cellphone": "5541908727427"
        },
        {
            "name": "Benjamin Sales",
            "cellphone": "5541914106998"
        },
        {
            "name": "Ana Laura Pereira",
            "cellphone": "5541919883324"
        },
        {
            "name": "Henrique da Conceição",
            "cellphone": "5541936250777"
        },
        {
            "name": "Ana Clara Porto",
            "cellphone": "5541988315943"
        },
        {
            "name": "Ryan Souza",
            "cellphone": "5541937901945"
        },
        {
            "name": "Nina da Cruz",
            "cellphone": "5541930283480"
        },
        {
            "name": "Esther Costa",
            "cellphone": "5541976620331"
        },
        {
            "name": "Felipe Ribeiro",
            "cellphone": "5541987077478"
        },
        {
            "name": "Sra. Amanda Cavalcanti",
            "cellphone": "5541905979333"
        },
        {
            "name": "Bruno Farias",
            "cellphone": "5541945698108"
        },
        {
            "name": "Sra. Mirella Aragão",
            "cellphone": "5541932294266"
        },
        {
            "name": "Nicole Ramos",
            "cellphone": "5541972713343"
        },
        {
            "name": "Augusto Novaes",
            "cellphone": "5541934105240"
        },
        {
            "name": "Vitor Hugo Cunha",
            "cellphone": "5541981870128"
        },
        {
            "name": "Luiz Miguel Monteiro",
            "cellphone": "5541994140336"
        },
        {
            "name": "Alícia Santos",
            "cellphone": "5541978861534"
        },
        {
            "name": "Sr. Marcos Vinicius Duarte",
            "cellphone": "5541979767374"
        },
        {
            "name": "Luiz Gustavo da Cunha",
            "cellphone": "5541971153240"
        },
        {
            "name": "Murilo Moraes",
            "cellphone": "5541971140196"
        },
        {
            "name": "Julia Costela",
            "cellphone": "5541938133697"
        },
        {
            "name": "André Cardoso",
            "cellphone": "5541925935033"
        },
        {
            "name": "Luiza Campos",
            "cellphone": "5541942303433"
        },
        {
            "name": "Nathan da Mata",
            "cellphone": "5541971551888"
        },
        {
            "name": "Nina Sales",
            "cellphone": "5541952206418"
        },
        {
            "name": "Natália Caldeira",
            "cellphone": "5541977897055"
        },
        {
            "name": "Thiago Cardoso",
            "cellphone": "5541928464916"
        },
        {
            "name": "Yago Ferreira",
            "cellphone": "5541962241042"
        },
        {
            "name": "Isabel Moura",
            "cellphone": "5541917433481"
        },
        {
            "name": "Francisco Nogueira",
            "cellphone": "5541916159692"
        },
        {
            "name": "André Monteiro",
            "cellphone": "5541987830622"
        },
        {
            "name": "Ana Julia Barbosa",
            "cellphone": "5541965101052"
        },
        {
            "name": "Emanuella Vieira",
            "cellphone": "5541937084511"
        },
        {
            "name": "Rebeca Correia",
            "cellphone": "5541944003092"
        },
        {
            "name": "Luiza Lopes",
            "cellphone": "5541950648087"
        },
        {
            "name": "Sr. Vitor Hugo Jesus",
            "cellphone": "5541966777904"
        },
        {
            "name": "Bárbara da Rosa",
            "cellphone": "5541984242583"
        },
        {
            "name": "Fernando Melo",
            "cellphone": "5541993278935"
        },
        {
            "name": "Melissa Pereira",
            "cellphone": "5541961982198"
        },
        {
            "name": "Luigi Melo",
            "cellphone": "5541937316914"
        },
        {
            "name": "Davi Lucas Silva",
            "cellphone": "5541919590454"
        },
        {
            "name": "Sr. Marcos Vinicius Alves",
            "cellphone": "5541940281564"
        },
        {
            "name": "Igor da Rocha",
            "cellphone": "5541981148730"
        },
        {
            "name": "Noah Ramos",
            "cellphone": "5541943467544"
        },
        {
            "name": "Sofia Pinto",
            "cellphone": "5541942446391"
        },
        {
            "name": "Joaquim Vieira",
            "cellphone": "5541988403129"
        }
    ]
}